Metric,Score
Accuracy,0.9254790631653655
Precision,0.9352750809061489
Recall,0.7727272727272727
F1 Score,0.8462664714494875
ROC AUC,0.9747978506290527
